{"train_lr": 9.999999999999953e-07, "train_loss": 6.994418305458782, "test_loss": 6.919609240903199, "test_acc1": 0.17000000839233398, "test_acc5": 0.7540000250244141, "epoch": 0, "n_parameters": 86567656, "_timestamp": 1725492287.8955398, "_runtime": 780.67640376091, "_step": 0}